Storm Awakening,Book Files,FatSystem,Anonymous Truth,Uncategorized
"A_glitch_in_a_purely_digital,_minimalist,_and_abst.png",A_digital_illustration_serves_as_the_cover_art_for.png,,A_digital_graphic_design_poster_with_a_dark_gradie.png,A_detailed_instructional_illustration_displays_how.png
A_digital_artwork_features_abstract_glitch_art_com.png,"A_digital_illustration_for_the_book_cover_of_""Stor.png",,A_fundraising_digital_graphic_design_poster_featur.png,A_digital_image_designed_for_personification_of_Gr.png
A_digital_painting_of_a_spectral_woman_features_he.png,"A_book_cover_illustration_for_""Storm_Origins,""_aut.png",,"A_fundraising_digital_poster_titled_""The_Architect.png",A_digital_painting_in_a_blend_of_surrealism_and_co.png
A_digital_artwork_of_a_spectral_figure_features_el.png,A_comparison_of_two_pages_from_a_mystical-themed_b.png,,,A_digital_illustration_in_a_futuristic_and_sci-fi_.png
,"A_book_cover_illustration_for_""Storm_Origins""_depi.png",,,"A_digital_graphic_design_image_titled_""Operation_S.png"
,"A_book_cover_for_a_book_titled_""Storm_Origins,""_at.png",,,A_digital_vector_illustration_displays_a_sigil_nam.png
,"A_book_cover_illustration_for_""Storm_Origins""_by_T.png",,,A_digital_artwork_thoroughly_composed_of_intricate.png
,,,,A_digital_illustration_features_a_female_figure_in.png
,,,,A_digital_painting_depicts_a_large_futuristic_indu.png
,,,,A_digital_artwork_combining_science_fiction_and_su.png
,,,,"A_digital_painting_in_a_futuristic,_sci-fi_style_w.png"
,,,,"A_digital_painting_in_a_futuristic,_cybernetic_art.png"
,,,,A_digital_painting_in_a_blend_of_sci-fi_and_fantas.png
,,,,A_digital_artwork_in_sci-fi_and_visionary_art_styl.png
,,,,A_digital_graphic_design_depicts_a_sigil_in_white_.png
,,,,A_digital_illustration_in_the_visionary_art_style_.png
,,,,"A_digital_artwork_blending_abstract,_sacred_geomet.png"
,,,,A_digital_painting_in_a_blend_of_science_fiction_a.png
,,,,A_digital_graphic_displays_a_message_with_a_backgr.png
